No.,ID,Name,Gender,Math,Physics,Chemistry,Average,Rank
1,1,Danh,Male,8.600000,8.250000,8.000000,8.283334,KHA
2,2,Binh,Male,9.000000,8.200000,9.000000,8.733334,KHA
3,3,Chi,Female,7.800000,6.800000,8.400000,7.666667,KHA
4,4,Minh,Male,9.200000,7.400000,9.250000,8.616667,KHA
5,5,Anh,Female,8.000000,6.800000,9.000000,7.933333,KHA
